{"cameraMode":{"drawMode":0,"name":"Shaded","section":"Shading Mode"},"sceneLighting":true,"audioPlay":false,"sceneViewState":{"m_AlwaysRefresh":false,"showFog":true,"showSkybox":true,"showFlares":true,"showImageEffects":true,"showParticleSystems":true,"showVisualEffectGraphs":true,"m_FxEnabled":true},"in2DMode":false,"pivot":{"x":0.9055299758911133,"y":0.9723198413848877,"z":-0.7494320869445801},"rotation":{"x":0.11557704955339432,"y":0.5532498359680176,"z":-0.07785996049642563,"w":0.8212920427322388},"size":4.5117106437683109,"orthographic":false}